Price,Processor_Brand,RAM,Ghz,Display_type,Display,GPU,GPU_Brand,SSD,HDD,Battery_Life
51990,3.0,16,2.4,0,17.3,160.0,5.0,512,0,6.0
85990,2.0,8,4.2,0,17.3,170.0,6.0,512,0,8.0
129589,3.0,16,4.7,0,17.3,222.0,6.0,1024,0,10.0
91990,2.0,16,4.7,0,17.3,222.0,6.0,1024,0,10.0
88990,2.0,16,4.7,0,17.3,170.0,6.0,512,0,6.0
329990,3.0,16,1.1,1,17.3,162.0,5.0,1024,0,9.5
299999,3.0,32,4.7,0,17.3,256.0,6.0,2048,0,4.0
216990,2.0,16,4.8,0,17.3,256.0,6.0,1024,0,8.0
268965,3.0,32,4.8,0,17.3,248.0,6.0,2048,0,10.0
170000,3.0,32,4.8,0,17.3,263.0,6.0,2048,0,7.45
110064,2.0,16,4.7,0,17.3,170.0,6.0,512,0,10.0
73990,3.0,16,2.5,0,17.3,170.0,6.0,512,0,6.0
85990,3.0,8,2.5,0,17.3,170.0,6.0,512,0,6.0
175146,3.0,12,2.5,1,17.3,240.0,6.0,0,1024,3.5
52890,3.0,8,2.7,0,17.0,124.0,6.0,512,0,6.0
102849,2.0,16,3.3,0,16.6,222.0,6.0,512,0,3.0
289900,4.0,36,1.0,0,16.2,258.0,8.0,512,0,22.0
269900,4.0,16,3.4,0,16.2,259.0,8.0,1024,0,22.0
170990,4.0,16,2.3,0,16.2,217.0,8.0,1024,0,21.0
53999,2.0,8,3.3,1,16.1,126.0,3.0,512,0,4.0
69990,3.0,8,4.7,0,16.1,170.0,6.0,512,0,8.0
125400,2.0,16,4.7,0,16.1,170.0,6.0,512,0,11.45
134090,3.0,16,2.7,0,16.1,222.0,6.0,1024,0,9.0
169999,3.0,16,4.7,0,16.1,222.0,6.0,1024,0,9.15
125444,2.0,16,4.7,0,16.1,202.0,6.0,512,0,11.45
113990,2.0,16,4.8,0,16.1,83.0,3.0,1024,0,7.0
124990,3.0,16,4.8,0,16.1,224.0,6.0,1024,0,6.3
68899,3.0,16,2.5,0,16.1,170.0,6.0,512,0,11.0
85310,2.0,8,3.3,0,16.1,170.0,6.0,512,0,11.45
79990,2.0,16,4.7,0,16.1,170.0,6.0,512,0,4.0
115900,2.0,16,4.7,0,16.1,202.0,6.0,512,0,11.45
108990,2.0,16,4.7,0,16.1,189.0,3.0,1024,0,9.0
107900,3.0,16,4.7,0,16.1,202.0,6.0,1024,0,8.0
97990,3.0,16,4.8,0,16.1,170.0,6.0,512,0,8.0
159999,2.0,16,4.7,0,16.1,222.0,6.0,1024,0,11.45
56999,3.0,8,4.7,0,16.1,130.0,6.0,512,0,6.3
83999,2.0,16,4.2,0,16.1,202.0,6.0,512,0,9.0
58990,2.0,16,4.2,0,16.0,83.0,3.0,512,0,6.0
66990,3.0,16,2.6,0,16.0,162.0,5.0,512,0,8.0
149990,3.0,16,2.1,0,16.0,224.0,6.0,1024,0,6.0
43990,3.0,16,1.3,0,16.0,162.0,5.0,512,0,8.0
69490,2.0,16,3.1,0,16.0,104.0,3.0,512,0,6.0
160990,2.0,32,3.1,0,16.0,232.0,6.0,1024,0,9.0
163990,3.0,16,2.2,1,16.0,162.0,5.0,512,0,19.0
171990,2.0,16,4.7,0,16.0,202.0,6.0,1024,0,8.0
145490,3.0,16,4.7,0,16.0,162.0,5.0,512,0,19.0
251990,2.0,32,4.7,0,16.0,222.0,6.0,2048,0,8.0
144990,3.0,16,4.8,1,16.0,208.0,5.0,512,0,7.5
84190,3.0,16,2.4,0,16.0,162.0,5.0,1024,0,7.0
184990,3.0,32,4.8,1,16.0,208.0,5.0,2048,0,12.3
155908,3.0,16,4.7,1,16.0,216.0,5.0,512,0,13.45
208490,3.0,32,2.5,0,16.0,248.0,6.0,1024,0,10.0
361990,2.0,32,4.8,0,16.0,263.0,6.0,2048,0,8.0
158490,3.0,16,4.8,0,16.0,224.0,6.0,1024,0,5.0
58524,3.0,16,2.5,0,16.0,162.0,5.0,512,0,6.0
78963,3.0,16,4.2,0,16.0,108.0,5.0,512,0,11.0
96990,3.0,16,1.2,1,16.0,208.0,5.0,1024,0,16.0
102990,3.0,16,1.2,1,16.0,208.0,5.0,1024,0,16.0
58990,3.0,16,4.7,0,16.0,56.0,5.0,512,0,9.15
132999,3.0,16,1.5,0,16.0,196.0,6.0,1024,0,6.0
169978,3.0,16,2.4,0,16.0,224.0,6.0,1024,0,6.5
179999,3.0,16,1.6,0,16.0,247.0,6.0,1024,0,6.0
56490,3.0,8,2.1,0,16.0,56.0,5.0,512,0,11.5
58990,3.0,16,2.1,0,16.0,56.0,5.0,512,0,11.5
109990,3.0,16,4.2,1,16.0,208.0,5.0,512,0,7.5
449990,3.0,32,2.2,0,16.0,265.0,6.0,2048,0,6.5
79800,3.0,16,2.0,0,16.0,196.0,6.0,512,0,5.0
88990,2.0,16,3.1,0,16.0,170.0,6.0,512,0,8.0
84990,3.0,16,2.6,0,16.0,196.0,6.0,512,0,3.0
503890,3.0,32,2.3,0,16.0,263.0,6.0,1024,0,7.0
58499,2.0,16,4.0,0,16.0,83.0,3.0,512,0,8.0
76000,2.0,16,2.0,0,16.0,83.0,3.0,512,0,7.0
102990,2.0,16,3.1,0,16.0,222.0,6.0,512,0,6.0
99990,3.0,16,2.5,0,16.0,170.0,6.0,512,0,8.0
191990,2.0,16,4.7,0,16.0,222.0,6.0,1024,0,8.0
179990,3.0,16,4.7,0,16.0,222.0,6.0,1024,0,10.0
116990,2.0,16,3.4,0,16.0,224.0,6.0,512,0,9.7
197990,2.0,32,3.1,0,16.0,232.0,6.0,1024,0,9.0
109990,2.0,16,3.1,0,16.0,222.0,6.0,1024,0,9.0
77614,2.0,16,2.0,0,16.0,100.0,3.0,512,0,8.0
42990,2.0,16,2.0,0,16.0,83.0,3.0,512,0,9.22
40990,3.0,8,1.2,0,16.0,56.0,5.0,512,0,9.15
249990,2.0,32,4.7,0,16.0,222.0,6.0,2048,0,8.0
331990,3.0,32,4.8,0,16.0,263.0,6.0,2048,0,10.0
77590,3.0,16,3.4,0,16.0,169.0,6.0,512,0,7.0
127990,2.0,16,4.8,0,16.0,215.0,3.0,1024,0,13.6
278990,2.0,32,4.8,0,16.0,263.0,6.0,2048,0,8.0
100023,3.0,16,1.2,1,16.0,208.0,5.0,1024,0,16.0
323490,3.0,32,2.2,0,16.0,262.0,6.0,1024,0,6.0
128990,2.0,16,3.4,1,16.0,196.0,6.0,1024,0,5.0
57490,3.0,16,4.7,0,16.0,56.0,5.0,512,0,9.15
124990,3.0,16,3.4,1,16.0,170.0,6.0,1024,0,5.0
95630,2.0,16,4.8,0,16.0,170.0,6.0,1024,0,7.45
89000,3.0,16,2.3,0,16.0,124.0,6.0,512,0,3.0
89500,3.0,16,2.3,0,16.0,196.0,6.0,512,0,3.0
109190,3.0,16,2.4,0,16.0,170.0,6.0,1024,0,8.0
68990,3.0,16,3.4,0,16.0,162.0,5.0,512,0,8.0
79980,3.0,16,4.0,0,16.0,162.0,5.0,512,0,8.0
66499,3.0,16,3.3,0,16.0,162.0,5.0,512,0,8.0
163990,3.0,16,1.4,1,16.0,208.0,5.0,512,0,7.5
215990,3.0,16,2.3,1,16.0,250.0,3.0,1024,0,11.0
129990,3.0,32,2.3,0,16.0,232.0,6.0,1024,0,7.0
144990,3.0,32,3.4,0,16.0,248.0,6.0,1024,0,4.0
114990,3.0,16,2.6,1,16.0,196.0,6.0,512,0,8.0
109990,3.0,16,2.6,0,16.0,170.0,6.0,1024,0,6.0
36289,2.0,8,4.0,0,15.6,83.0,3.0,512,0,11.0
78500,3.0,16,3.3,0,15.6,170.0,6.0,512,0,10.0
21990,3.0,8,1.7,0,15.6,56.0,5.0,512,0,8.0
92990,2.0,16,3.4,0,15.6,196.0,6.0,512,0,9.5
31490,2.0,8,2.6,0,15.6,83.0,3.0,512,0,7.0
47999,3.0,16,4.7,0,15.6,162.0,5.0,512,0,17.5
33900,3.0,8,4.0,0,15.6,56.0,5.0,512,0,12.0
31490,3.0,8,3.0,1,15.6,56.0,5.0,256,0,10.0
50990,3.0,8,2.5,0,15.6,130.0,6.0,512,0,8.0
39250,3.0,8,3.0,0,15.6,56.0,5.0,512,0,7.0
51160,3.0,8,2.5,1,15.6,130.0,6.0,512,0,6.0
23999,3.0,4,2.4,1,15.6,25.0,5.0,256,0,6.5
64990,3.0,16,2.6,0,15.6,162.0,5.0,512,0,6.0
72990,2.0,16,3.3,0,15.6,170.0,6.0,512,0,5.0
89500,2.0,16,3.3,0,15.6,170.0,6.0,512,0,7.0
129990,3.0,16,4.8,0,15.6,222.0,6.0,1024,0,6.0
65999,3.0,8,2.6,1,15.6,74.0,6.0,256,1024,4.0
50990,3.0,8,2.5,0,15.6,130.0,6.0,512,0,14.7
59999,2.0,8,3.4,0,15.6,108.0,3.0,256,0,6.0
49990,3.0,16,4.8,0,15.6,162.0,5.0,512,0,13.0
37990,2.0,8,2.6,0,15.6,83.0,3.0,512,0,7.0
55500,3.0,16,3.3,1,15.6,124.0,6.0,512,0,9.0
79990,2.0,16,3.3,0,15.6,170.0,6.0,512,0,7.0
23804,3.0,4,1.1,1,15.6,7.0,5.0,0,1024,18.0
37023,3.0,8,4.0,0,15.6,108.0,5.0,512,0,9.15
49500,3.0,8,2.5,1,15.6,130.0,6.0,512,0,9.0
33990,3.0,8,3.0,0,15.6,56.0,5.0,512,0,5.0
36990,2.0,8,2.6,1,15.6,40.0,3.0,256,1024,7.0
41999,3.0,8,2.4,0,15.6,162.0,5.0,512,0,6.0
36499,2.0,8,4.0,0,15.6,83.0,3.0,512,0,9.0
49490,2.0,8,2.1,1,15.6,130.0,6.0,512,0,10.0
30990,2.0,8,2.6,0,15.6,83.0,3.0,512,0,9.0
36370,3.0,4,2.3,1,15.6,45.0,5.0,0,1024,5.0
39990,3.0,8,3.1,1,15.6,162.0,5.0,512,0,10.0
40990,3.0,8,3.0,0,15.6,56.0,5.0,512,0,8.0
32927,3.0,8,1.6,1,15.6,142.0,6.0,0,1024,6.0
48188,3.0,8,1.0,1,15.6,56.0,5.0,512,0,6.0
50990,3.0,16,2.4,0,15.6,162.0,5.0,512,0,7.0
54990,3.0,8,2.4,0,15.6,108.0,5.0,512,0,6.0
53000,3.0,8,2.5,0,15.6,130.0,6.0,512,0,8.0
53000,3.0,8,2.5,0,15.6,130.0,6.0,512,0,8.0
38990,2.0,16,2.1,0,15.6,83.0,3.0,512,0,9.0
32990,3.0,8,1.2,0,15.6,56.0,5.0,512,0,10.0
34690,3.0,8,2.1,1,15.6,56.0,5.0,256,0,11.0
34499,3.0,8,4.0,0,15.6,56.0,5.0,256,1024,7.0
37099,3.0,8,3.4,0,15.6,56.0,5.0,512,0,9.0
32500,3.0,8,3.0,0,15.6,56.0,5.0,256,0,8.0
46990,3.0,8,3.3,0,15.6,162.0,5.0,512,0,6.0
57990,3.0,16,3.3,0,15.6,162.0,5.0,512,0,6.0
55990,3.0,8,4.7,1,15.6,130.0,6.0,512,0,5.0
39448,3.0,8,3.0,0,15.6,56.0,5.0,512,0,8.0
59800,3.0,8,4.2,0,15.6,162.0,5.0,512,0,7.15
35100,3.0,8,3.0,1,15.6,56.0,5.0,512,0,6.0
36990,3.0,8,0.8,0,15.6,56.0,5.0,512,0,7.0
51490,3.0,8,4.2,0,15.6,162.0,5.0,512,0,12.0
31990,2.0,8,2.3,0,15.6,83.0,3.0,256,0,7.0
30360,3.0,4,2.2,1,15.6,97.0,5.0,0,1024,7.0
17990,3.0,4,1.1,0,15.6,56.0,5.0,128,0,10.0
48990,2.0,16,4.2,0,15.6,83.0,3.0,512,0,9.0
74250,3.0,8,4.7,0,15.6,162.0,5.0,512,0,10.15
68200,3.0,8,3.1,1,15.6,130.0,6.0,256,1024,6.0
48411,3.0,8,3.3,0,15.6,130.0,6.0,512,0,8.0
35500,3.0,8,4.0,0,15.6,56.0,5.0,512,0,9.0
37999,3.0,8,1.7,0,15.6,162.0,5.0,512,0,17.5
29990,3.0,16,2.4,0,15.6,162.0,5.0,512,0,10.0
52100,2.0,16,1.8,1,15.6,83.0,3.0,512,0,14.0
35990,3.0,8,3.0,1,15.6,56.0,5.0,512,0,7.5
28990,3.0,8,2.4,0,15.6,162.0,5.0,512,0,10.0
36990,3.0,8,2.1,0,15.6,56.0,5.0,0,1024,9.0
66990,3.0,8,3.1,0,15.6,170.0,6.0,512,0,8.0
51999,3.0,16,2.4,0,15.6,108.0,5.0,512,0,6.0
31651,2.0,8,2.6,0,15.6,83.0,3.0,512,0,9.0
61990,3.0,8,4.7,0,15.6,162.0,5.0,512,0,10.0
40850,3.0,8,3.0,1,15.6,108.0,5.0,256,1024,5.0
32990,2.0,8,3.4,0,15.6,83.0,3.0,256,0,6.0
69500,3.0,8,4.2,1,15.6,151.0,6.0,256,1024,8.0
112999,2.0,16,3.3,0,15.6,222.0,6.0,512,0,9.2
26390,2.0,8,1.0,0,15.6,51.0,3.0,512,0,6.0
39990,3.0,16,4.2,0,15.6,162.0,5.0,512,0,10.0
37990,3.0,8,2.4,0,15.6,162.0,5.0,512,0,10.0
110490,2.0,16,4.7,0,15.6,170.0,6.0,512,0,12.0
99825,2.0,16,4.2,0,15.6,222.0,6.0,1024,0,9.2
109990,3.0,16,2.5,1,15.6,204.0,6.0,128,1024,6.0
70800,3.0,8,3.1,0,15.6,170.0,6.0,256,1024,8.0
62999,3.0,16,2.4,1,15.6,151.0,6.0,512,0,11.0
24499,2.0,4,1.8,1,15.6,13.0,3.0,0,1024,4.0
84990,3.0,16,3.3,0,15.6,124.0,6.0,512,0,6.0
64990,3.0,8,4.7,0,15.6,162.0,5.0,512,0,8.0
81990,2.0,16,3.1,0,15.6,170.0,6.0,512,0,5.0
60900,2.0,8,3.0,1,15.6,130.0,6.0,512,0,6.7
52800,3.0,16,4.2,0,15.6,162.0,5.0,512,0,7.0
50990,3.0,16,2.4,0,15.6,162.0,5.0,512,0,10.0
52990,3.0,16,2.4,0,15.6,162.0,5.0,1024,0,10.0
30729,3.0,8,4.0,1,15.6,56.0,5.0,256,0,9.0
69700,3.0,16,3.3,0,15.6,170.0,6.0,512,0,10.0
66215,2.0,8,3.3,0,15.6,170.0,6.0,512,0,7.0
97990,3.0,16,2.4,0,15.6,224.0,6.0,512,0,5.32
37689,3.0,8,4.8,0,15.6,56.0,5.0,256,0,11.0
69490,3.0,16,2.7,0,15.6,202.0,6.0,512,0,10.0
65547,3.0,16,2.0,0,15.6,170.0,6.0,512,0,4.5
43490,2.0,16,2.8,0,15.6,42.0,3.0,512,0,11.0
38990,3.0,8,2.4,0,15.6,108.0,5.0,512,0,6.0
52990,2.0,16,1.8,0,15.6,83.0,3.0,512,0,14.0
55990,3.0,16,3.3,0,15.6,162.0,5.0,512,0,8.0
54350,3.0,8,4.2,1,15.6,139.0,6.0,0,1024,12.0
46190,2.0,8,2.1,0,15.6,83.0,3.0,512,0,7.5
66990,3.0,32,4.8,0,15.6,162.0,5.0,1024,0,10.0
76990,3.0,16,2.6,0,15.6,151.0,6.0,512,0,6.0
33990,3.0,8,3.0,0,15.6,108.0,5.0,512,0,6.0
40574,3.0,8,3.0,0,15.6,108.0,5.0,512,0,6.0
59900,3.0,16,4.2,0,15.6,162.0,5.0,512,0,3.0
48999,3.0,16,4.2,0,15.6,162.0,5.0,512,0,9.15
144990,3.0,16,4.7,0,15.6,222.0,6.0,1024,0,10.0
35990,3.0,8,4.0,0,15.6,56.0,5.0,0,1024,9.0
29490,2.0,8,2.6,0,15.6,108.0,3.0,256,0,7.5
42990,3.0,8,1.2,0,15.6,56.0,5.0,512,0,6.0
42990,3.0,8,1.2,0,15.6,56.0,5.0,512,0,6.0
42990,3.0,8,1.2,0,15.6,56.0,5.0,512,0,6.0
51000,3.0,8,1.6,0,15.6,56.0,5.0,512,0,11.5
46990,3.0,8,3.0,0,15.6,59.0,5.0,512,0,10.8
164980,3.0,16,2.7,0,15.6,232.0,6.0,1024,0,8.0
74990,3.0,16,1.5,0,15.6,196.0,6.0,512,0,5.32
43500,3.0,8,1.0,0,15.6,108.0,5.0,256,0,3.0
64499,3.0,8,3.3,0,15.6,170.0,6.0,512,0,4.5
63645,2.0,8,4.2,0,15.6,170.0,6.0,512,0,4.5
77990,2.0,16,3.4,0,15.6,170.0,6.0,512,0,9.5
57990,2.0,16,2.1,0,15.6,83.0,3.0,512,0,7.5
32299,3.0,4,4.8,1,15.6,56.0,5.0,256,0,9.0
52990,3.0,8,2.4,0,15.6,162.0,5.0,512,0,7.0
25990,3.0,4,1.0,1,15.6,7.0,5.0,256,0,14.0
49999,3.0,8,2.4,0,15.6,78.5,4.0,512,0,7.0
119100,2.0,16,3.3,0,15.6,170.0,6.0,512,0,9.29
57990,3.0,16,4.8,0,15.6,162.0,5.0,512,0,10.0
48990,2.0,16,2.0,0,15.6,83.0,3.0,512,0,8.0
52990,3.0,8,4.2,0,15.6,56.0,5.0,256,0,7.0
81990,2.0,16,3.3,0,15.6,170.0,6.0,512,0,5.0
31699,3.0,8,1.7,0,15.6,56.0,5.0,256,0,8.0
64990,3.0,16,4.7,0,15.6,162.0,5.0,512,0,6.0
37143,3.0,8,1.2,0,15.6,56.0,5.0,1024,0,7.0
45200,3.0,8,1.7,0,15.6,56.0,5.0,256,0,7.0
75990,3.0,8,4.2,0,15.6,130.0,6.0,512,0,8.45
41990,3.0,8,3.0,0,15.6,56.0,5.0,256,0,10.8
129990,3.0,16,3.4,0,15.6,202.0,6.0,512,0,10.0
40680,3.0,8,1.2,0,15.6,56.0,5.0,512,0,6.0
33990,3.0,8,3.0,1,15.6,56.0,5.0,512,0,6.0
98990,3.0,16,3.4,0,15.6,222.0,6.0,1024,0,10.0
77990,3.0,16,2.8,0,15.6,160.0,5.0,512,0,6.0
115290,3.0,16,3.4,0,15.6,222.0,6.0,512,0,10.0
65890,3.0,16,4.7,0,15.6,151.0,6.0,512,0,8.45
74990,3.0,16,2.6,1,15.6,162.0,5.0,512,0,8.0
71039,3.0,16,2.0,1,15.6,202.0,6.0,512,0,8.0
36990,3.0,8,3.0,0,15.6,56.0,5.0,256,0,5.0
36990,2.0,8,2.6,0,15.6,83.0,3.0,256,0,7.0
53590,2.0,16,4.0,0,15.6,130.0,6.0,512,0,8.0
42990,3.0,8,4.2,0,15.6,162.0,5.0,512,0,11.0
90490,3.0,16,4.2,1,15.6,162.0,5.0,512,0,13.3
65500,3.0,8,2.8,0,15.6,139.0,6.0,256,1024,5.0
34990,3.0,8,1.2,0,15.6,56.0,5.0,512,0,6.0
43499,3.0,4,1.2,1,15.6,56.0,5.0,0,1024,5.0
33499,3.0,16,4.2,1,15.6,108.0,5.0,256,1024,5.0
249990,3.0,32,2.0,1,15.6,148.0,6.0,1024,0,10.0
119990,3.0,16,2.3,0,15.6,222.0,6.0,1024,0,3.0
42990,3.0,8,3.0,0,15.6,108.0,5.0,256,1024,6.0
102990,3.0,16,2.3,0,15.6,202.0,6.0,512,0,10.0
68499,3.0,16,4.7,0,15.6,130.0,6.0,512,0,6.0
31990,2.0,8,3.4,1,15.6,83.0,3.0,512,0,11.0
36799,2.0,8,2.1,0,15.6,51.0,3.0,512,0,5.0
69999,3.0,16,1.7,0,15.6,162.0,5.0,512,0,6.0
27890,3.0,8,1.1,0,15.6,7.0,5.0,256,0,8.0
108900,3.0,16,4.7,1,15.6,162.0,5.0,512,0,13.3
91590,3.0,16,4.7,0,15.6,180.0,6.0,512,0,4.0
88490,2.0,16,4.7,0,15.6,170.0,6.0,1024,0,6.0
61990,3.0,8,2.4,1,15.6,108.0,5.0,256,1024,6.0
65990,3.0,8,2.2,0,15.6,130.0,6.0,512,0,4.0
71890,3.0,8,2.4,0,15.6,130.0,6.0,512,0,10.0
142990,2.0,16,4.2,0,15.6,222.0,6.0,1024,0,4.0
51990,3.0,8,2.4,0,15.6,56.0,5.0,512,0,6.0
70600,3.0,16,3.3,0,15.6,162.0,5.0,512,0,11.0
27990,3.0,8,1.2,0,15.6,56.0,5.0,256,0,10.0
35990,2.0,8,2.4,0,15.6,83.0,3.0,512,0,6.0
28990,3.0,8,2.5,0,15.6,56.0,5.0,512,0,10.0
52990,3.0,16,4.2,0,15.6,162.0,5.0,512,0,10.0
82999,3.0,16,2.3,0,15.6,202.0,6.0,1024,0,6.0
28990,3.0,8,4.7,0,15.6,162.0,5.0,512,0,10.0
56990,3.0,16,2.0,0,15.6,56.0,5.0,512,0,7.0
40132,3.0,8,4.2,0,15.6,56.0,5.0,512,0,7.45
60990,3.0,8,2.7,0,15.6,170.0,6.0,512,0,8.0
95990,3.0,16,2.4,0,15.6,196.0,6.0,512,0,5.32
97990,2.0,16,3.1,0,15.6,170.0,6.0,512,0,7.0
32590,3.0,8,3.3,0,15.6,56.0,5.0,512,0,6.0
43990,3.0,16,2.3,0,15.6,162.0,5.0,512,0,10.0
34990,2.0,8,2.6,0,15.6,83.0,3.0,512,0,4.0
211990,2.0,16,4.8,0,15.6,256.0,6.0,1024,0,8.0
47990,3.0,8,1.3,0,15.6,108.0,5.0,512,0,6.0
128990,2.0,16,3.1,0,15.6,202.0,6.0,1024,0,5.0
62363,3.0,8,1.0,0,15.6,59.0,5.0,512,0,7.0
42902,3.0,8,4.2,0,15.6,56.0,5.0,256,0,7.3
33990,3.0,8,3.0,0,15.6,56.0,5.0,256,0,5.5
85990,3.0,16,4.7,0,15.6,162.0,5.0,1024,0,6.0
48480,2.0,16,2.0,0,15.6,83.0,3.0,512,0,8.8
44999,2.0,16,1.8,0,15.6,83.0,3.0,512,0,7.0
63990,3.0,16,3.3,0,15.6,124.0,6.0,512,0,5.0
67999,2.0,16,4.2,0,15.6,83.0,3.0,512,0,8.0
108990,3.0,16,1.4,1,15.6,195.0,5.0,512,0,8.7
50990,2.0,16,1.8,0,15.6,83.0,3.0,512,0,8.0
25999,3.0,8,1.1,0,15.6,7.0,5.0,512,0,10.0
94990,2.0,16,3.1,0,15.6,196.0,6.0,1024,0,3.0
48990,3.0,16,2.4,0,15.6,162.0,5.0,512,0,7.0
44190,3.0,8,3.3,0,15.6,56.0,5.0,512,0,8.0
79990,2.0,16,3.1,0,15.6,170.0,6.0,512,0,5.0
62899,3.0,8,4.2,0,15.6,162.0,5.0,512,0,7.45
221499,3.0,32,2.5,0,15.6,251.0,6.0,1024,0,12.0
247900,3.0,32,2.7,0,15.6,257.0,6.0,1024,0,12.0
31999,3.0,4,1.7,0,15.6,30.0,5.0,256,0,5.0
109990,3.0,16,2.8,0,15.6,162.0,5.0,1024,0,9.3
44206,3.0,8,4.2,0,15.6,162.0,5.0,0,1024,9.0
92990,2.0,16,4.2,0,15.6,222.0,6.0,256,1024,10.0
58990,3.0,16,1.3,0,15.6,162.0,5.0,512,0,6.0
74999,3.0,8,2.7,0,15.6,170.0,6.0,512,0,4.0
58990,3.0,16,1.3,0,15.6,162.0,5.0,512,0,6.0
39990,3.0,8,4.0,1,15.6,56.0,5.0,256,1024,7.0
37990,3.0,8,3.0,0,15.6,56.0,5.0,512,0,6.0
30790,3.0,4,1.1,0,15.6,25.0,5.0,0,1024,6.0
73890,2.0,8,3.3,0,15.6,170.0,6.0,512,0,10.0
37999,2.0,8,3.4,1,15.6,51.0,3.0,512,0,11.0
52990,3.0,8,2.3,1,15.6,159.0,6.0,0,1024,9.5
22000,2.0,4,2.0,1,15.6,14.0,3.0,0,1024,5.0
76990,3.0,16,2.6,1,15.6,162.0,5.0,512,0,8.0
55000,3.0,8,1.0,1,15.6,56.0,5.0,512,0,6.0
54990,3.0,8,2.3,1,15.6,159.0,6.0,16,1024,8.0
20990,3.0,4,1.1,1,15.6,25.0,5.0,0,1024,6.0
76627,3.0,16,2.6,1,15.6,199.0,6.0,256,1024,6.0
23266,3.0,4,2.3,1,15.6,11.0,5.0,0,500,7.0
79990,3.0,8,2.2,1,15.6,173.0,6.0,128,1024,5.0
59890,3.0,8,2.5,1,15.6,109.5,6.0,128,1024,9.0
24371,2.0,8,2.0,1,15.6,51.0,3.0,0,1024,5.0
17990,2.0,4,2.6,1,15.6,9.0,3.0,0,1024,4.5
22991,3.0,4,1.2,1,15.6,56.0,5.0,0,1024,6.0
25990,3.0,4,1.1,1,15.6,10.0,5.0,0,500,6.5
29632,3.0,4,2.4,1,15.6,56.0,5.0,0,1024,8.0
59990,3.0,8,2.4,1,15.6,130.0,6.0,256,1024,11.0
26999,3.0,4,2.3,1,15.6,39.0,5.0,0,500,6.5
18990,2.0,4,1.8,1,15.6,13.0,3.0,0,500,6.0
28899,3.0,4,1.1,1,15.6,7.0,5.0,256,0,5.0
22890,2.0,4,3.0,1,15.6,13.0,3.0,0,1024,5.0
121999,3.0,8,2.4,0,15.6,159.0,6.0,256,0,10.0
22899,3.0,4,2.0,1,15.6,39.0,5.0,0,1024,4.0
79990,3.0,16,2.4,1,15.6,199.0,6.0,256,1024,6.0
35865,3.0,8,4.2,0,15.6,56.0,5.0,256,0,7.8
24780,3.0,4,1.1,1,15.6,10.0,5.0,0,1024,6.5
60407,3.0,8,2.5,1,15.6,159.0,6.0,0,1024,7.0
48990,2.0,8,3.3,0,15.6,130.0,6.0,512,0,5.0
44980,2.0,16,4.0,0,15.6,83.0,3.0,512,0,6.0
45500,3.0,8,1.2,0,15.6,56.0,5.0,256,1024,10.0
40990,3.0,8,1.6,1,15.6,70.0,6.0,0,1024,7.0
59990,3.0,8,1.6,1,15.6,146.0,6.0,128,1024,9.0
79939,3.0,16,4.7,1,15.6,170.0,6.0,1024,0,7.0
64990,3.0,8,1.6,1,15.6,146.0,6.0,128,1024,10.0
35534,2.0,4,2.0,1,15.6,51.0,3.0,0,1024,4.5
23451,3.0,4,2.0,1,15.6,39.0,5.0,0,1024,5.5
17990,2.0,4,2.6,1,15.6,83.0,3.0,0,1024,4.5
57990,3.0,16,4.7,0,15.6,162.0,5.0,512,0,6.0
23819,3.0,8,1.1,0,15.6,56.0,5.0,256,0,7.0
50990,3.0,8,1.6,1,15.6,147.0,6.0,0,1024,7.5
81334,3.0,8,2.5,1,15.6,184.0,6.0,128,1024,4.0
120999,3.0,16,2.8,1,15.6,204.0,6.0,256,2048,6.0
68990,3.0,16,3.3,0,15.6,170.0,6.0,256,1024,8.0
33999,3.0,4,2.7,1,15.6,45.0,5.0,0,1024,6.0
38000,3.0,8,3.4,0,15.6,56.0,5.0,256,0,9.15
92990,3.0,16,4.7,0,15.6,202.0,6.0,512,0,10.0
46590,2.0,8,2.0,1,15.6,159.0,6.0,0,1024,4.0
56554,3.0,16,2.6,0,15.6,170.0,6.0,512,0,6.0
66990,3.0,8,1.6,1,15.6,146.0,6.0,128,1024,10.0
54990,2.0,8,2.1,1,15.6,89.0,3.0,256,1024,11.0
52340,3.0,8,2.5,0,15.6,162.0,5.0,512,0,9.15
37990,2.0,16,2.1,0,15.6,83.0,3.0,512,0,9.0
35100,3.0,8,3.0,0,15.6,56.0,5.0,512,0,7.0
29990,2.0,4,2.2,1,15.6,51.0,3.0,0,1024,5.0
31990,3.0,8,4.8,0,15.6,56.0,5.0,256,0,7.0
46500,3.0,8,3.4,0,15.6,56.0,5.0,512,0,7.0
63990,3.0,16,2.7,0,15.6,170.0,6.0,512,0,8.0
53999,3.0,8,1.3,0,15.6,162.0,5.0,512,0,10.0
26399,3.0,8,1.1,0,15.6,59.0,5.0,256,0,14.0
69789,2.0,8,3.0,1,15.6,130.0,6.0,256,1024,7.1
22890,3.0,8,1.1,0,15.6,56.0,5.0,256,0,6.0
59999,3.0,8,3.1,1,15.6,162.0,5.0,512,0,12.0
33941,2.0,8,2.1,0,15.6,83.0,3.0,512,0,7.5
57990,3.0,8,2.7,0,15.6,124.0,6.0,512,0,6.0
22439,3.0,4,2.8,0,15.6,56.0,5.0,256,0,6.0
30290,2.0,8,2.6,0,15.6,83.0,3.0,512,0,7.5
50330,3.0,8,4.2,1,15.6,162.0,5.0,256,1024,8.0
34990,3.0,8,3.3,0,15.6,56.0,5.0,512,0,6.0
61990,2.0,8,4.0,0,15.6,130.0,6.0,512,0,10.0
38450,2.0,8,2.1,0,15.6,100.0,3.0,512,0,7.5
28990,3.0,8,1.1,0,15.6,56.0,5.0,512,0,6.0
19890,2.0,4,2.1,0,15.6,108.0,3.0,256,0,4.0
84999,2.0,16,4.7,0,15.6,170.0,6.0,1024,0,12.0
62917,3.0,16,4.2,0,15.6,162.0,5.0,512,0,10.0
43990,3.0,8,4.0,1,15.6,56.0,5.0,512,0,12.0
27990,3.0,16,1.0,0,15.6,56.0,5.0,512,0,8.0
74890,3.0,32,4.8,0,15.6,162.0,5.0,1024,0,10.0
28990,3.0,8,2.8,0,15.6,56.0,5.0,512,0,7.3
39389,2.0,8,2.6,0,15.6,83.0,3.0,512,0,6.0
64500,3.0,16,3.1,0,15.6,170.0,6.0,512,0,8.0
40990,3.0,8,1.2,0,15.6,56.0,5.0,512,0,6.0
69990,3.0,16,2.5,1,15.6,162.0,5.0,512,0,10.0
68489,3.0,16,2.5,1,15.6,162.0,5.0,512,0,10.0
70990,3.0,16,2.5,1,15.6,162.0,5.0,512,0,10.0
30990,2.0,8,2.6,0,15.6,83.0,3.0,512,0,10.0
67000,3.0,8,2.5,0,15.6,170.0,6.0,512,0,5.9
69490,2.0,16,3.3,0,15.6,170.0,6.0,512,0,10.0
80608,3.0,8,4.7,0,15.6,196.0,6.0,512,0,5.0
69490,2.0,8,4.2,0,15.6,170.0,6.0,512,0,4.0
74400,3.0,16,4.2,0,15.6,162.0,5.0,512,0,9.3
33800,3.0,8,4.0,1,15.6,56.0,5.0,512,0,6.0
39990,2.0,8,2.1,0,15.6,83.0,3.0,256,0,15.0
71999,3.0,8,2.4,1,15.6,56.0,5.0,512,0,10.8
37990,3.0,8,3.0,0,15.6,56.0,5.0,512,0,6.0
36000,3.0,8,1.2,0,15.6,56.0,5.0,512,0,10.0
48499,3.0,8,4.2,1,15.6,162.0,5.0,512,0,9.5
82900,3.0,16,2.0,0,15.6,170.0,6.0,512,0,10.0
39990,3.0,8,4.2,0,15.6,56.0,5.0,512,0,6.0
74999,3.0,8,1.3,0,15.6,157.0,6.0,512,0,6.0
39490,3.0,8,1.7,0,15.6,56.0,5.0,512,0,7.0
62990,3.0,16,2.4,1,15.6,162.0,5.0,512,0,8.0
38307,2.0,8,3.4,0,15.6,83.0,3.0,256,0,7.0
70000,3.0,8,2.4,1,15.6,56.0,5.0,512,0,10.8
42990,2.0,8,2.0,0,15.6,83.0,3.0,512,0,8.8
22990,3.0,8,2.4,0,15.6,56.0,5.0,512,0,10.0
33990,3.0,8,3.4,0,15.6,56.0,5.0,512,0,6.0
38987,2.0,8,2.1,1,15.6,83.0,3.0,512,0,14.0
87990,3.0,16,3.4,0,15.6,162.0,5.0,512,0,8.0
42999,3.0,8,1.7,0,15.6,56.0,5.0,256,1024,6.0
32990,3.0,8,2.6,0,15.6,162.0,5.0,256,0,4.0
100639,3.0,16,2.6,1,15.6,162.0,5.0,1024,0,8.0
33800,3.0,8,3.0,0,15.6,108.0,5.0,512,0,6.0
40500,2.0,8,2.7,0,15.6,83.0,3.0,512,0,7.0
50941,2.0,8,4.2,0,15.6,130.0,6.0,512,0,9.15
83490,3.0,16,2.3,0,15.6,170.0,6.0,512,0,8.9
49990,3.0,8,1.1,0,15.6,56.0,5.0,512,0,8.0
83869,3.0,16,2.6,1,15.6,162.0,5.0,512,0,8.0
91880,3.0,16,2.6,1,15.6,162.0,5.0,1024,0,8.0
74999,3.0,16,3.1,0,15.6,162.0,5.0,512,0,6.0
42990,2.0,8,2.1,0,15.6,83.0,3.0,512,0,7.5
51981,2.0,16,4.2,0,15.6,83.0,3.0,512,0,8.0
83411,2.0,16,4.7,0,15.6,222.0,6.0,512,0,7.0
43990,2.0,16,4.2,0,15.6,83.0,3.0,512,0,6.0
33990,2.0,8,2.1,0,15.6,83.0,3.0,512,0,6.0
46990,3.0,8,2.4,0,15.6,162.0,5.0,512,0,5.5
64500,3.0,8,3.3,0,15.6,170.0,6.0,512,0,4.5
81990,3.0,16,1.7,0,15.6,162.0,5.0,512,0,8.0
33490,2.0,8,2.3,0,15.6,83.0,3.0,256,0,7.0
42499,3.0,8,1.2,0,15.6,56.0,5.0,256,1024,7.0
59990,3.0,8,2.6,0,15.6,130.0,6.0,512,0,8.0
28890,3.0,8,2.8,0,15.6,56.0,5.0,512,0,12.0
52891,3.0,8,1.6,1,15.6,146.0,6.0,16,1024,10.0
37299,3.0,8,3.0,0,15.6,56.0,5.0,512,0,7.0
64990,3.0,8,2.4,1,15.6,162.0,5.0,256,1024,8.0
50990,2.0,16,4.2,1,15.6,83.0,3.0,512,0,6.0
39990,3.0,8,2.1,0,15.6,108.0,5.0,256,0,7.5
48990,3.0,8,4.7,0,15.6,130.0,6.0,512,0,8.0
72380,3.0,16,2.4,0,15.6,139.0,6.0,512,0,7.0
129990,3.0,16,4.8,1,15.6,162.0,5.0,512,0,20.0
44990,3.0,8,3.3,0,15.6,162.0,5.0,512,0,5.0
57900,3.0,8,1.3,0,15.6,162.0,5.0,512,0,8.0
93999,3.0,16,4.7,0,15.6,202.0,6.0,512,0,10.3
43100,3.0,8,1.7,0,15.6,56.0,5.0,256,1024,7.0
58999,3.0,8,2.4,0,15.6,108.0,5.0,256,1024,7.0
49900,2.0,16,4.2,1,15.6,83.0,3.0,512,0,8.0
54990,2.0,16,4.2,1,15.6,83.0,3.0,512,0,8.0
34990,3.0,8,3.0,0,15.6,56.0,5.0,256,0,5.5
63250,2.0,16,4.0,0,15.6,130.0,6.0,512,0,8.0
84999,2.0,16,3.3,0,15.6,170.0,6.0,512,0,10.0
74990,3.0,16,4.7,1,15.6,162.0,5.0,512,0,8.0
31750,2.0,8,2.6,0,15.6,100.0,3.0,512,0,9.5
86990,3.0,8,4.7,0,15.6,170.0,6.0,512,0,10.3
48990,2.0,8,2.3,0,15.6,83.0,3.0,512,0,7.0
63990,3.0,8,2.4,0,15.6,130.0,6.0,512,0,10.0
70790,2.0,16,3.3,0,15.6,130.0,6.0,512,0,7.5
64790,3.0,16,2.4,1,15.6,162.0,5.0,512,0,8.0
69990,2.0,8,3.3,1,15.6,170.0,6.0,512,0,5.0
71990,2.0,16,4.2,0,15.6,170.0,6.0,512,0,14.3
66619,3.0,8,4.2,0,15.6,170.0,6.0,512,0,10.3
41490,3.0,8,4.2,0,15.6,108.0,5.0,512,0,6.0
34450,2.0,8,2.4,0,15.6,42.0,3.0,512,0,7.0
74590,3.0,16,3.3,0,15.6,168.0,6.0,512,0,7.0
59990,3.0,8,2.4,0,15.6,112.0,5.0,512,0,6.0
118711,3.0,16,2.9,0,15.6,162.0,5.0,512,0,8.45
264990,3.0,32,4.8,0,15.6,248.0,6.0,2048,0,10.0
88750,2.0,16,4.7,0,15.6,170.0,6.0,1024,0,6.0
75792,3.0,16,1.9,1,15.6,162.0,5.0,512,0,6.0
39900,3.0,8,1.8,1,15.6,56.0,5.0,512,0,6.0
289990,3.0,32,3.4,0,15.6,248.0,6.0,1024,0,4.0
37390,3.0,8,3.3,0,15.6,56.0,5.0,512,0,6.0
84335,3.0,8,4.2,0,15.6,175.0,5.0,512,0,7.0
58490,3.0,8,3.1,0,15.6,130.0,6.0,256,1024,8.0
119990,3.0,16,2.3,0,15.6,170.0,6.0,512,0,8.0
76990,3.0,8,2.2,0,15.6,170.0,6.0,512,0,4.0
239975,3.0,32,2.3,1,15.6,222.0,6.0,1024,0,8.0
52999,3.0,8,2.4,0,15.6,56.0,5.0,512,0,6.0
149990,3.0,16,2.3,0,15.6,229.0,7.0,1024,0,10.0
169990,3.0,32,2.3,0,15.6,239.0,7.0,1024,0,10.0
24990,3.0,8,2.0,0,15.6,56.0,5.0,256,0,10.0
25990,3.0,8,2.0,0,15.6,56.0,5.0,512,0,10.0
28990,3.0,8,4.8,0,15.6,56.0,5.0,256,0,10.0
78490,3.0,16,4.7,0,15.6,170.0,6.0,1024,0,6.0
68890,3.0,16,2.0,0,15.6,170.0,6.0,512,0,5.32
48990,2.0,16,4.2,0,15.6,83.0,3.0,512,0,6.0
36990,3.0,8,1.7,0,15.6,56.0,5.0,256,0,7.0
75990,3.0,16,3.4,0,15.6,162.0,5.0,512,0,10.0
40990,3.0,8,1.2,0,15.6,56.0,5.0,512,0,8.0
22999,3.0,8,2.1,0,15.6,108.0,5.0,256,0,2.5
57990,3.0,16,3.3,0,15.6,124.0,6.0,512,0,3.0
42990,2.0,16,2.0,0,15.6,83.0,3.0,512,0,8.8
222990,3.0,32,4.8,0,15.6,248.0,6.0,1024,0,10.0
122990,3.0,16,3.4,0,15.6,224.0,6.0,1024,0,6.0
60880,3.0,16,2.5,0,15.6,162.0,5.0,512,0,6.0
52990,3.0,16,1.3,0,15.6,162.0,5.0,512,0,8.0
47999,3.0,8,2.6,0,15.6,162.0,5.0,512,0,4.5
162990,2.0,16,4.7,0,15.6,222.0,6.0,1024,0,8.0
122990,3.0,16,1.8,1,15.6,162.0,5.0,512,0,8.7
138990,3.0,16,1.8,1,15.6,162.0,5.0,1024,0,8.7
114990,3.0,16,1.4,1,15.6,162.0,5.0,512,0,8.7
84990,3.0,32,2.3,0,15.6,208.0,5.0,1024,0,13.0
79490,3.0,16,3.1,0,15.6,196.0,6.0,512,0,6.0
30850,2.0,8,2.3,0,15.6,83.0,3.0,512,0,8.8
96990,3.0,16,1.2,1,15.6,208.0,5.0,1024,0,16.0
69990,3.0,16,2.4,0,15.6,170.0,6.0,512,0,6.0
40990,2.0,16,2.0,0,15.6,83.0,3.0,512,0,8.0
48490,2.0,16,2.0,0,15.6,83.0,3.0,512,0,8.8
25990,3.0,8,3.4,0,15.6,56.0,5.0,256,0,6.0
34990,2.0,8,2.8,0,15.6,42.0,3.0,512,0,8.7
72990,2.0,16,4.2,1,15.6,170.0,6.0,1024,0,5.0
119890,3.0,16,3.4,0,15.6,196.0,6.0,512,0,5.0
51990,3.0,8,1.3,0,15.6,162.0,5.0,512,0,3.0
60199,2.0,16,4.2,0,15.6,124.0,6.0,512,0,3.0
64990,2.0,16,3.1,0,15.6,124.0,6.0,512,0,3.0
64990,2.0,16,3.1,0,15.6,170.0,6.0,1024,0,6.0
58999,2.0,16,4.2,0,15.6,124.0,6.0,512,0,6.0
58700,3.0,16,2.7,0,15.6,124.0,6.0,512,0,3.0
35790,2.0,8,2.1,0,15.6,83.0,3.0,512,0,6.0
118300,3.0,16,3.4,0,15.6,224.0,6.0,1024,0,3.0
62990,3.0,16,1.3,1,15.6,162.0,5.0,512,0,6.0
90990,3.0,16,1.7,0,15.6,162.0,5.0,1024,0,6.0
106354,3.0,16,2.4,0,15.6,162.0,5.0,512,0,14.0
61920,3.0,16,4.2,0,15.6,162.0,5.0,512,0,10.0
52490,3.0,4,4.0,1,15.6,139.0,6.0,512,0,8.5
46999,3.0,8,1.6,1,15.6,55.0,6.0,0,1024,9.0
125663,3.0,16,2.9,1,15.6,173.0,6.0,1024,0,9.5
65422,3.0,24,3.1,0,15.6,124.0,6.0,512,0,6.0
52790,3.0,16,1.3,0,15.6,162.0,5.0,512,0,8.0
50990,3.0,8,2.4,1,15.6,162.0,5.0,512,0,7.5
43191,3.0,8,2.4,0,15.6,162.0,5.0,512,0,9.0
73991,3.0,8,2.6,0,15.6,170.0,6.0,512,0,6.0
64000,2.0,8,3.3,0,15.6,170.0,6.0,512,0,5.0
73990,3.0,16,2.6,0,15.6,170.0,6.0,512,0,10.0
58790,2.0,16,4.2,0,15.6,83.0,3.0,512,0,9.3
113290,3.0,16,3.3,0,15.6,170.0,6.0,512,0,7.0
38990,3.0,8,4.2,0,15.6,56.0,5.0,512,0,10.45
41490,3.0,8,1.1,0,15.6,108.0,5.0,512,0,8.0
42084,2.0,16,4.0,0,15.6,83.0,3.0,512,0,9.0
33900,3.0,8,4.0,0,15.6,56.0,5.0,512,0,12.0
31357,3.0,8,3.0,1,15.6,56.0,5.0,512,0,10.0
19790,2.0,4,2.3,1,15.6,12.0,3.0,0,1024,5.5
79999,3.0,8,2.5,1,15.6,164.0,6.0,128,1024,7.0
69990,3.0,8,1.6,1,15.6,97.0,5.0,256,0,21.5
21820,2.0,4,1.8,1,15.6,13.0,3.0,0,500,4.0
23990,2.0,4,3.1,1,15.6,14.0,3.0,0,1024,6.0
58244,3.0,8,2.3,1,15.6,115.0,6.0,0,1024,8.0
85800,3.0,8,2.3,1,15.6,184.0,6.0,128,1024,7.0
28975,2.0,4,2.5,1,15.6,29.0,3.0,0,1024,8.0
32927,3.0,8,2.5,1,15.6,94.0,6.0,0,1024,5.0
34225,3.0,8,1.2,1,15.6,56.0,5.0,512,0,6.0
18499,3.0,4,1.1,1,15.6,7.0,5.0,0,1024,18.0
24990,3.0,4,2.3,1,15.6,45.0,5.0,0,1024,5.0
36975,3.0,8,1.6,1,15.6,140.0,6.0,512,0,9.0
26990,3.0,4,2.0,1,15.6,39.0,5.0,0,1024,5.0
24943,3.0,4,1.6,1,15.6,8.0,5.0,0,1024,5.0
24990,2.0,4,3.0,1,15.6,14.0,3.0,0,1024,11.0
15990,3.0,2,1.6,1,15.6,6.0,5.0,0,500,6.0
42990,3.0,8,4.2,1,15.6,56.0,5.0,0,1024,12.0
28990,3.0,4,2.7,1,15.6,45.0,5.0,0,500,6.5
40990,3.0,8,1.6,1,15.6,97.0,5.0,0,1024,11.5
40990,3.0,8,2.5,1,15.6,70.0,6.0,0,1024,7.0
56666,3.0,8,2.5,1,15.6,70.0,6.0,0,1024,7.0
62490,2.0,8,3.0,1,15.6,130.0,6.0,256,1024,6.7
30990,3.0,4,2.0,1,15.6,39.0,5.0,0,1024,5.0
29707,3.0,8,2.1,1,15.6,56.0,5.0,0,1024,9.0
43990,2.0,8,2.0,1,15.6,51.0,3.0,0,1024,8.0
38631,2.0,8,2.0,1,15.6,51.0,3.0,0,1024,8.0
27990,2.0,4,2.3,1,15.6,83.0,3.0,0,1024,6.0
50176,3.0,8,2.3,1,15.6,80.0,3.0,0,1024,6.0
33111,3.0,8,2.1,0,15.6,56.0,5.0,512,0,11.5
45990,3.0,8,1.6,1,15.6,106.0,6.0,0,1024,3.0
22999,3.0,4,1.1,1,15.6,10.0,5.0,0,500,6.5
36490,3.0,8,1.2,1,15.6,56.0,5.0,256,0,6.0
65500,3.0,16,4.2,1,15.6,151.0,6.0,512,0,8.0
69990,3.0,8,2.6,1,15.6,130.0,6.0,256,1024,11.0
115490,3.0,16,2.2,1,15.6,204.0,6.0,128,1024,5.0
39990,3.0,8,1.6,1,15.6,97.0,5.0,0,1024,8.0
35924,3.0,4,1.6,1,15.6,97.0,5.0,0,1024,10.0
32651,3.0,8,2.5,1,15.6,70.0,6.0,0,1024,7.0
42990,3.0,8,1.0,1,15.6,56.0,5.0,0,1024,7.3
125990,3.0,16,2.3,1,15.6,204.0,6.0,128,1024,5.0
62490,3.0,8,2.5,1,15.6,130.0,6.0,512,0,6.0
50279,3.0,8,1.6,1,15.6,81.0,6.0,0,1024,7.0
90243,3.0,16,2.3,1,15.6,222.0,6.0,512,1024,6.0
24610,3.0,4,2.3,1,15.6,11.0,5.0,0,1024,7.0
45999,3.0,8,1.6,1,15.6,146.0,6.0,0,1024,7.0
18890,2.0,4,1.8,1,15.6,13.0,3.0,0,1024,5.0
38990,3.0,8,1.1,0,15.6,56.0,5.0,512,0,8.0
45540,3.0,4,2.5,1,15.6,53.0,6.0,0,1024,4.0
39990,3.0,16,4.7,0,15.6,162.0,5.0,512,0,10.0
87990,3.0,16,2.3,1,15.6,204.0,6.0,128,1024,7.0
98990,3.0,8,2.4,1,15.6,148.0,6.0,128,1024,9.0
40990,3.0,8,2.4,0,15.6,162.0,5.0,512,0,6.0
201734,3.0,16,2.6,1,15.6,220.0,6.0,0,1024,5.0
57999,3.0,8,1.6,1,15.6,84.0,6.0,0,1024,7.0
19490,2.0,4,1.8,1,15.6,13.0,3.0,0,1024,5.5
42900,3.0,8,2.5,1,15.6,94.0,6.0,0,1024,8.0
57990,2.0,8,2.1,1,15.6,148.0,6.0,256,1024,10.0
53826,3.0,8,2.1,1,15.6,53.0,6.0,0,2048,6.0
52820,3.0,8,1.0,1,15.6,56.0,5.0,256,1024,6.0
41990,3.0,8,1.6,1,15.6,97.0,5.0,0,1024,6.0
41900,3.0,8,2.5,1,15.6,94.0,6.0,0,1024,8.0
46794,3.0,8,2.4,1,15.6,159.0,6.0,0,1024,9.0
39990,3.0,8,1.6,1,15.6,97.0,5.0,0,1024,6.0
65212,3.0,8,2.7,1,15.6,129.0,6.0,0,1024,5.0
81990,2.0,16,3.1,0,15.6,170.0,6.0,512,0,5.0
86690,3.0,16,2.6,1,15.6,130.0,6.0,512,0,6.0
27990,3.0,4,2.3,1,15.6,45.0,5.0,0,1024,5.0
87999,3.0,8,2.8,1,15.6,159.0,6.0,128,1024,6.0
37490,3.0,8,3.0,0,15.6,56.0,5.0,256,1024,5.5
21190,2.0,4,1.8,1,15.6,13.0,3.0,0,1024,4.0
48899,3.0,8,2.4,0,15.6,162.0,5.0,512,0,9.5
52431,3.0,8,2.6,1,15.6,148.0,6.0,512,0,8.5
32927,3.0,4,1.0,1,15.6,56.0,5.0,0,1024,7.3
39990,2.0,8,2.1,1,15.6,51.0,3.0,512,0,4.5
42090,3.0,8,2.5,1,15.6,106.0,6.0,0,1024,4.5
41990,2.0,8,2.6,0,15.6,83.0,3.0,512,0,7.5
49671,3.0,8,4.2,0,15.6,162.0,5.0,512,0,7.5
40643,2.0,8,4.0,0,15.6,83.0,3.0,512,0,6.0
73990,3.0,8,2.6,1,15.6,130.0,6.0,512,0,8.0
57990,3.0,8,1.6,1,15.6,95.0,3.0,0,2048,6.0
66990,3.0,8,1.8,1,15.6,146.0,6.0,0,1024,8.0
81390,3.0,16,2.2,0,15.6,202.0,6.0,512,0,10.0
25990,3.0,4,2.7,1,15.6,45.0,5.0,0,1024,6.5
27990,3.0,4,2.3,1,15.6,20.0,5.0,0,1024,4.0
30990,2.0,4,1.8,1,15.6,14.0,3.0,0,1024,5.0
51890,3.0,4,2.5,1,15.6,45.0,5.0,0,1024,4.0
19320,2.0,4,1.5,1,15.6,9.0,3.0,0,1024,5.5
42990,3.0,4,2.3,1,15.6,61.0,7.0,0,1024,4.5
57990,2.0,8,2.1,1,15.6,83.0,3.0,256,1024,4.0
42400,3.0,4,2.3,1,15.6,58.0,3.0,0,1024,4.0
25890,2.0,4,2.0,1,15.6,15.0,5.0,0,500,4.0
19499,2.0,4,1.4,1,15.6,13.0,3.0,0,500,3.0
31490,3.0,4,1.2,0,15.6,56.0,5.0,256,0,7.3
101065,3.0,8,1.0,1,15.6,56.0,5.0,512,0,10.0
19499,3.0,2,1.8,0,15.6,6.0,5.0,0,500,4.5
34990,3.0,4,2.1,1,15.6,97.0,5.0,0,1024,8.0
29690,3.0,4,2.3,1,15.6,45.0,5.0,0,1024,5.5
81978,3.0,32,3.4,0,15.6,162.0,5.0,1024,0,10.0
35490,3.0,4,2.5,1,15.6,94.0,6.0,0,1024,4.5
49990,3.0,8,1.6,1,15.6,70.0,6.0,0,1024,8.0
36990,3.0,4,2.3,1,15.6,39.0,5.0,0,500,9.0
50990,3.0,8,1.6,1,15.6,60.0,3.0,0,1024,6.0
80990,2.0,16,3.3,0,15.6,170.0,6.0,512,0,5.0
29990,3.0,4,4.0,1,15.6,56.0,5.0,256,0,5.0
62000,3.0,8,1.0,1,15.6,56.0,5.0,256,1024,7.3
84990,3.0,16,2.8,1,15.6,159.0,6.0,0,1024,4.0
65999,3.0,16,4.2,1,15.6,151.0,6.0,512,0,8.0
55999,3.0,8,3.0,1,15.6,56.0,5.0,256,0,10.8
25935,3.0,4,2.3,1,15.6,142.0,6.0,128,1024,6.0
22590,3.0,4,3.4,0,15.6,25.0,5.0,0,1024,6.5
46790,3.0,8,2.4,0,15.6,162.0,5.0,512,0,5.5
27155,2.0,4,3.1,1,15.6,14.0,3.0,0,500,4.0
46590,3.0,4,2.3,1,15.6,69.0,3.0,0,1024,4.0
34999,3.0,8,1.6,1,15.6,70.0,6.0,16,1024,7.0
82990,2.0,16,2.9,1,15.6,130.0,6.0,512,0,7.8
36990,3.0,8,3.1,0,15.6,23.0,5.0,256,0,7.0
28999,3.0,4,2.0,1,15.6,39.0,5.0,0,1024,8.0
59900,3.0,16,2.4,0,15.6,162.0,5.0,512,0,8.0
72533,3.0,8,2.2,1,15.6,159.0,6.0,16,1024,8.0
39990,3.0,8,4.2,0,15.6,108.0,5.0,0,1024,6.0
63999,3.0,8,2.5,1,15.6,94.0,6.0,0,2048,6.5
19291,2.0,4,2.3,1,15.6,12.0,3.0,0,1024,4.0
44900,3.0,8,3.3,0,15.6,56.0,5.0,512,0,7.0
34990,3.0,4,2.3,1,15.6,39.0,5.0,0,1024,9.0
56496,3.0,8,3.4,0,15.6,56.0,5.0,512,0,6.0
35990,2.0,8,2.6,0,15.6,83.0,3.0,0,1024,7.0
56590,2.0,8,2.1,0,15.6,83.0,3.0,512,0,10.0
39997,3.0,8,1.6,1,15.6,97.0,5.0,0,1024,4.0
44940,3.0,4,2.2,1,15.6,65.0,6.0,0,500,4.0
40899,3.0,8,2.1,1,15.6,56.0,5.0,0,1024,7.5
51891,3.0,8,1.7,0,15.6,162.0,5.0,512,0,6.0
56990,3.0,8,3.0,0,15.6,108.0,5.0,256,1024,6.0
48890,2.0,8,1.8,1,15.6,72.0,2.0,0,1024,4.0
35990,3.0,8,4.0,0,15.6,56.0,5.0,512,0,6.0
40031,3.0,8,4.0,1,15.6,56.0,5.0,256,0,3.0
75990,2.0,16,3.1,1,15.6,170.0,6.0,1024,0,3.0
205900,3.0,16,2.6,1,15.4,249.0,3.0,256,0,10.0
182990,3.0,16,4.7,0,15.0,162.0,5.0,512,0,17.0
134990,3.0,8,4.7,0,15.0,162.0,5.0,256,0,17.0
33847,3.0,8,1.0,1,15.0,56.0,5.0,0,1024,6.0
27131,2.0,8,2.6,0,14.9,83.0,3.0,256,0,7.0
124990,3.0,16,3.4,0,14.5,170.0,6.0,1024,0,10.9
104990,3.0,16,3.4,0,14.5,196.0,6.0,1024,0,9.0
239900,4.0,18,1.0,0,14.2,258.0,8.0,1024,0,18.0
199900,4.0,16,3.4,0,14.2,252.0,8.0,512,0,18.0
15990,3.0,4,2.8,0,14.1,7.0,5.0,128,0,8.0
20990,3.0,4,2.8,0,14.1,108.0,5.0,128,0,8.0
38400,3.0,8,3.0,0,14.1,59.0,5.0,512,0,6.0
66990,2.0,8,2.1,1,14.1,83.0,3.0,1024,0,8.0
31390,3.0,8,1.2,0,14.1,56.0,5.0,256,0,6.0
56150,3.0,8,2.4,0,14.1,121.0,6.0,512,0,6.0
26500,3.0,8,1.1,1,14.1,38.0,5.0,256,0,6.0
27990,3.0,8,1.1,0,14.1,56.0,5.0,256,0,6.0
49599,2.0,8,4.0,0,14.0,83.0,3.0,512,0,9.0
44999,3.0,8,1.7,0,14.0,56.0,5.0,512,0,9.45
36990,3.0,8,3.0,0,14.0,56.0,5.0,512,0,6.0
25449,3.0,8,2.8,0,14.0,56.0,5.0,256,0,12.0
26990,2.0,8,2.6,0,14.0,83.0,3.0,512,0,4.0
169990,3.0,32,2.5,1,14.0,162.0,5.0,1024,0,10.0
36999,3.0,8,4.0,0,14.0,56.0,5.0,512,0,6.0
91990,2.0,16,4.2,1,14.0,83.0,3.0,512,0,10.0
27990,3.0,8,3.4,0,14.0,31.0,5.0,512,0,11.0
42999,3.0,8,3.0,0,14.0,56.0,5.0,256,0,4.0
33978,2.0,8,4.0,0,14.0,83.0,3.0,512,0,9.45
29990,3.0,8,1.2,0,14.0,56.0,5.0,256,0,13.0
54490,2.0,8,4.2,0,14.0,83.0,3.0,512,0,10.0
36890,3.0,8,4.2,0,14.0,56.0,5.0,256,0,8.5
39900,3.0,8,1.7,0,14.0,56.0,5.0,512,0,12.0
27775,3.0,4,1.2,1,14.0,56.0,5.0,512,0,11.0
54999,3.0,8,4.2,0,14.0,162.0,5.0,512,0,10.0
33390,3.0,8,1.0,0,14.0,31.0,5.0,512,0,11.0
50568,2.0,16,4.0,0,14.0,100.0,3.0,512,0,12.0
57099,3.0,8,4.2,1,14.0,162.0,5.0,256,1024,6.0
41990,2.0,8,2.1,0,14.0,83.0,3.0,512,0,14.0
36496,3.0,8,3.0,0,14.0,56.0,5.0,512,0,6.0
28700,3.0,8,1.2,0,14.0,108.0,5.0,0,1024,6.0
28799,3.0,8,3.3,0,14.0,56.0,5.0,256,0,12.0
46990,3.0,8,3.0,0,14.0,59.0,5.0,256,0,6.0
72190,3.0,16,2.5,0,14.0,162.0,5.0,512,0,12.0
31990,3.0,8,1.7,0,14.0,108.0,5.0,512,0,7.0
42990,3.0,8,1.0,0,14.0,108.0,5.0,512,0,6.0
39990,3.0,8,4.2,0,14.0,56.0,5.0,256,0,13.2
78000,3.0,16,4.2,0,14.0,162.0,5.0,512,0,11.0
33571,2.0,8,2.6,0,14.0,83.0,3.0,0,1024,10.0
49995,3.0,8,4.0,0,14.0,56.0,5.0,256,0,10.0
38961,2.0,8,2.7,0,14.0,83.0,3.0,256,0,7.0
56990,3.0,16,2.8,0,14.0,162.0,5.0,512,0,6.0
42290,3.0,4,1.2,0,14.0,108.0,5.0,256,1024,10.0
22990,2.0,4,2.3,0,14.0,83.0,3.0,256,0,11.0
64990,2.0,16,4.2,1,14.0,83.0,3.0,512,0,8.0
45990,3.0,8,3.3,0,14.0,56.0,5.0,512,0,7.0
24050,2.0,4,2.4,0,14.0,100.0,3.0,256,0,6.0
25999,3.0,4,2.8,0,14.0,108.0,5.0,256,0,10.0
39275,3.0,8,4.0,0,14.0,38.0,5.0,256,0,10.0
60990,3.0,16,2.4,0,14.0,160.0,5.0,512,0,6.0
45990,3.0,16,1.3,0,14.0,31.0,5.0,512,0,11.0
38990,3.0,8,3.0,0,14.0,59.0,5.0,256,1024,6.0
37990,3.0,8,1.2,0,14.0,56.0,5.0,512,0,6.0
56990,2.0,8,2.1,0,14.0,83.0,3.0,512,0,12.0
65989,3.0,16,1.5,0,14.0,56.0,5.0,512,0,15.5
49990,3.0,16,2.8,0,14.0,182.0,5.0,512,0,10.0
79299,3.0,16,4.7,0,14.0,162.0,5.0,512,0,6.0
61980,3.0,16,2.4,0,14.0,162.0,5.0,512,0,6.0
35490,2.0,8,2.7,0,14.0,83.0,3.0,512,0,8.0
20554,2.0,4,3.1,1,14.0,14.0,3.0,0,1024,4.0
23999,2.0,8,2.6,0,14.0,83.0,3.0,512,0,4.0
52190,2.0,16,2.0,1,14.0,83.0,3.0,512,0,12.0
85600,3.0,16,1.3,0,14.0,162.0,5.0,512,0,12.0
64990,2.0,16,1.8,0,14.0,83.0,3.0,512,0,9.0
38990,2.0,8,4.0,0,14.0,83.0,3.0,512,0,6.0
88990,3.0,16,3.4,0,14.0,168.0,6.0,512,0,7.0
55990,3.0,8,3.4,0,14.0,56.0,5.0,512,0,4.0
75000,2.0,16,1.8,0,14.0,83.0,3.0,512,0,9.0
74990,3.0,16,4.7,0,14.0,162.0,5.0,512,0,11.0
86000,3.0,8,2.4,0,14.0,162.0,5.0,512,0,11.9
74290,3.0,8,4.2,0,14.0,156.0,5.0,512,0,17.0
93190,3.0,16,2.4,1,14.0,162.0,5.0,512,0,10.0
30489,3.0,4,1.1,0,14.0,108.0,5.0,256,0,8.0
37990,2.0,8,4.0,0,14.0,43.0,3.0,512,0,12.0
42398,3.0,8,1.7,0,14.0,56.0,5.0,256,0,10.0
81990,3.0,16,2.6,1,14.0,162.0,5.0,512,0,10.0
93990,3.0,16,1.7,0,14.0,162.0,5.0,512,0,9.4
49490,3.0,16,1.0,0,14.0,56.0,5.0,512,0,6.0
50999,3.0,8,2.1,0,14.0,59.0,5.0,256,0,12.8
155990,3.0,16,2.2,1,14.0,162.0,5.0,1024,0,16.0
34990,3.0,4,2.1,1,14.0,56.0,5.0,0,1024,6.0
167990,2.0,16,4.7,0,14.0,231.0,3.0,1024,0,8.0
61950,3.0,8,2.5,0,14.0,162.0,5.0,512,0,6.0
81390,3.0,16,4.8,0,14.0,162.0,5.0,512,0,9.0
91250,3.0,16,4.7,0,14.0,162.0,5.0,512,0,11.0
99990,2.0,16,2.4,0,14.0,202.0,6.0,1024,0,14.0
117990,3.0,16,2.2,1,14.0,162.0,5.0,512,0,8.0
26490,2.0,8,2.6,0,14.0,83.0,3.0,512,0,4.0
169990,3.0,16,3.4,0,14.0,170.0,6.0,512,0,6.0
31999,3.0,8,3.0,0,14.0,56.0,5.0,256,0,6.0
79990,2.0,16,4.2,0,14.0,83.0,3.0,512,0,10.0
53566,2.0,16,2.3,0,14.0,83.0,3.0,512,0,12.0
128999,3.0,16,3.0,1,14.0,162.0,5.0,1024,0,10.0
175690,3.0,16,3.4,1,14.0,162.0,5.0,1024,0,10.0
75900,3.0,8,4.2,0,14.0,158.0,5.0,512,0,12.0
79990,3.0,16,3.4,1,14.0,162.0,5.0,512,0,11.0
144990,3.0,16,2.3,1,14.0,162.0,5.0,1024,0,10.0
87207,3.0,8,1.3,1,14.0,96.0,5.0,256,0,8.0
29990,3.0,8,4.0,0,14.0,56.0,5.0,512,0,11.0
67990,3.0,8,1.3,0,14.0,56.0,5.0,512,0,9.4
72800,3.0,16,3.3,0,14.0,162.0,5.0,1024,0,9.4
131990,3.0,16,4.8,1,14.0,208.0,5.0,512,0,7.5
84960,3.0,8,1.8,0,14.0,56.0,5.0,512,0,12.0
169990,3.0,32,4.8,1,14.0,208.0,5.0,1024,0,12.3
165930,3.0,32,4.8,1,14.0,208.0,5.0,1024,0,12.3
48490,2.0,8,4.2,0,14.0,83.0,3.0,512,0,6.0
84900,2.0,16,2.1,0,14.0,83.0,3.0,512,0,9.0
35490,3.0,8,3.3,0,14.0,56.0,5.0,512,0,7.0
107990,3.0,32,3.4,1,14.0,208.0,5.0,1024,0,5.0
74490,2.0,16,2.0,1,14.0,83.0,3.0,1024,0,8.0
239990,3.0,32,2.3,1,14.0,208.0,5.0,1024,0,8.0
79243,3.0,16,3.4,1,14.0,208.0,5.0,1024,0,5.0
43490,3.0,8,4.2,0,14.0,162.0,5.0,512,0,5.8
55490,3.0,8,4.2,0,14.0,162.0,5.0,512,0,5.8
56490,3.0,16,2.1,0,14.0,56.0,5.0,512,0,12.0
54490,3.0,8,2.1,0,14.0,56.0,5.0,512,0,11.5
76999,3.0,16,2.3,0,14.0,124.0,6.0,1024,0,6.0
69190,2.0,16,2.0,0,14.0,83.0,3.0,512,0,10.0
68990,3.0,16,3.4,0,14.0,56.0,5.0,512,0,11.0
56389,2.0,16,2.0,0,14.0,83.0,3.0,512,0,9.0
112990,3.0,16,1.9,1,14.0,162.0,5.0,512,0,8.0
61900,2.0,8,2.1,0,14.0,83.0,3.0,512,0,12.0
81300,3.0,16,1.2,0,14.0,162.0,5.0,512,0,7.0
87699,3.0,16,2.8,0,14.0,151.0,6.0,512,0,10.0
22990,2.0,4,2.3,0,14.0,83.0,3.0,0,1024,4.0
132590,3.0,16,1.8,0,14.0,179.0,5.0,512,0,10.0
155411,3.0,16,1.6,1,14.0,56.0,5.0,512,0,16.0
173885,2.0,16,4.8,0,14.0,231.0,3.0,1024,0,8.0
133329,3.0,16,4.8,0,14.0,162.0,5.0,1024,0,14.0
34990,3.0,8,3.0,0,14.0,56.0,5.0,256,0,6.0
151990,2.0,16,4.7,0,14.0,231.0,3.0,1024,0,8.0
22283,2.0,4,2.3,0,14.0,83.0,3.0,0,1024,11.0
48490,3.0,8,4.0,0,14.0,56.0,5.0,256,0,12.0
61990,3.0,8,2.5,1,14.0,94.0,6.0,8,1024,10.5
71175,3.0,8,2.5,1,14.0,45.0,5.0,0,1024,10.0
28750,3.0,4,2.3,1,14.0,45.0,5.0,0,1024,6.0
41999,3.0,8,1.6,1,14.0,97.0,5.0,512,0,10.0
38028,3.0,8,1.2,1,14.0,96.0,5.0,256,0,10.0
37590,3.0,8,1.6,1,14.0,56.0,5.0,512,0,10.0
44999,3.0,8,1.6,1,14.0,56.0,5.0,256,0,10.0
50575,3.0,8,1.6,1,14.0,60.0,3.0,0,1024,6.0
11990,3.0,4,1.1,1,14.0,4.0,5.0,32,0,5.5
18460,3.0,4,1.7,1,14.0,20.0,5.0,0,500,4.0
21789,2.0,4,2.6,1,14.0,9.0,3.0,0,1024,4.0
47500,3.0,8,2.4,1,14.0,162.0,5.0,512,0,7.5
38000,3.0,4,2.4,1,14.0,45.0,5.0,0,1024,5.0
43890,2.0,16,2.1,0,14.0,83.0,3.0,512,0,14.0
34900,3.0,4,2.0,1,14.0,39.0,5.0,0,1024,4.0
40475,3.0,8,1.7,0,14.0,38.0,5.0,512,0,12.0
44990,3.0,8,4.0,1,14.0,56.0,5.0,256,0,6.0
85990,3.0,16,1.8,1,14.0,97.0,5.0,512,0,13.0
49599,3.0,8,4.2,0,14.0,162.0,5.0,512,0,11.5
29490,3.0,4,2.0,1,14.0,39.0,5.0,0,1024,4.0
49990,3.0,8,3.0,0,14.0,56.0,5.0,512,0,6.0
24990,3.0,4,1.1,0,14.0,56.0,5.0,128,0,11.0
44990,3.0,8,1.6,1,14.0,60.0,3.0,0,1024,6.0
29800,3.0,8,1.7,0,14.0,56.0,5.0,512,0,10.0
24890,3.0,4,1.1,0,14.0,56.0,5.0,256,0,6.0
20290,3.0,4,1.1,0,14.0,56.0,5.0,128,0,11.0
69999,3.0,16,1.2,0,14.0,162.0,5.0,512,0,8.0
40990,3.0,8,4.2,0,14.0,56.0,5.0,512,0,9.0
29489,3.0,8,3.4,0,14.0,56.0,5.0,0,1024,6.0
24990,2.0,8,3.3,0,14.0,108.0,5.0,0,1024,9.15
48990,3.0,8,2.0,0,14.0,56.0,5.0,512,0,12.0
51990,3.0,16,2.0,0,14.0,56.0,5.0,512,0,12.0
41990,3.0,8,2.4,0,14.0,108.0,5.0,512,0,9.9
40990,3.0,8,3.0,0,14.0,56.0,5.0,512,0,10.0
54990,3.0,8,1.7,0,14.0,56.0,5.0,512,0,11.0
63499,3.0,8,1.7,0,14.0,56.0,5.0,512,0,6.0
53990,3.0,8,2.4,0,14.0,56.0,5.0,512,0,7.0
75590,3.0,16,2.5,1,14.0,162.0,5.0,512,0,9.0
33990,3.0,8,1.2,0,14.0,108.0,5.0,512,0,6.0
69990,2.0,16,4.7,1,14.0,83.0,3.0,512,0,8.0
73990,3.0,16,1.3,0,14.0,162.0,5.0,512,0,9.4
54490,3.0,8,4.2,0,14.0,56.0,5.0,512,0,11.0
74990,3.0,16,4.7,0,14.0,162.0,5.0,512,0,11.0
40990,3.0,8,1.0,0,14.0,56.0,5.0,512,0,6.0
25990,2.0,8,2.6,0,14.0,83.0,3.0,512,0,4.0
33990,3.0,4,1.2,0,14.0,56.0,5.0,256,0,10.0
30890,2.0,8,2.1,0,14.0,83.0,3.0,512,0,4.0
74990,3.0,16,4.8,0,14.0,156.0,5.0,512,0,12.0
27690,2.0,8,1.2,0,14.0,83.0,3.0,256,0,8.0
89999,3.0,16,2.9,0,14.0,162.0,5.0,512,0,8.0
103990,3.0,16,3.4,0,14.0,168.0,6.0,512,0,7.0
21550,2.0,4,2.3,0,14.0,108.0,3.0,0,1024,3.0
49490,2.0,8,2.3,0,14.0,83.0,3.0,512,0,7.0
30500,3.0,8,1.1,0,14.0,56.0,5.0,256,0,6.0
33885,3.0,4,2.1,0,14.0,56.0,5.0,256,0,6.0
45900,3.0,8,4.0,0,14.0,56.0,5.0,512,0,8.5
71990,3.0,16,1.3,1,14.0,108.0,5.0,512,0,8.0
120790,2.0,16,3.1,0,14.0,170.0,6.0,1024,0,12.0
134080,3.0,16,2.3,1,14.0,162.0,5.0,1024,0,10.0
48990,3.0,8,2.4,0,14.0,56.0,5.0,512,0,6.0
134990,2.0,16,4.7,1,14.0,100.0,3.0,1024,0,10.0
63800,3.0,8,3.3,0,14.0,59.0,5.0,512,0,9.0
42490,3.0,4,3.0,0,14.0,56.0,5.0,256,0,11.9
24999,2.0,4,2.3,0,14.0,83.0,3.0,0,1024,11.0
99999,3.0,16,2.2,1,14.0,162.0,5.0,1024,0,16.0
89990,3.0,16,4.8,0,14.0,162.0,5.0,512,0,8.0
138607,3.0,16,4.8,1,14.0,162.0,5.0,1024,0,8.0
36490,3.0,8,3.3,0,14.0,56.0,5.0,512,0,6.0
139390,2.0,16,3.1,0,14.0,222.0,6.0,1024,0,4.0
47790,3.0,8,4.2,0,14.0,108.0,5.0,512,0,8.0
171990,3.0,32,4.8,1,14.0,208.0,5.0,1024,0,7.5
50131,3.0,8,1.6,1,14.0,97.0,5.0,512,0,8.0
94990,3.0,16,2.2,1,14.0,162.0,5.0,512,0,8.0
61999,3.0,16,4.7,0,14.0,162.0,5.0,512,0,9.0
57990,3.0,16,4.2,0,14.0,162.0,5.0,512,0,6.0
55990,3.0,8,3.0,0,14.0,56.0,5.0,256,0,11.9
108990,3.0,32,3.4,1,14.0,208.0,5.0,1024,0,5.0
239990,3.0,32,2.3,1,14.0,208.0,5.0,2048,0,8.0
45990,3.0,8,3.0,0,14.0,108.0,5.0,256,0,8.0
42990,2.0,16,2.8,0,14.0,83.0,3.0,512,0,3.0
58300,3.0,8,3.3,0,14.0,56.0,5.0,512,0,9.0
105600,3.0,16,2.8,0,14.0,162.0,5.0,512,0,9.0
168000,3.0,16,2.8,0,14.0,237.0,6.0,512,0,10.7
65090,3.0,8,2.4,0,14.0,162.0,5.0,512,0,6.0
87999,3.0,16,2.8,0,14.0,162.0,5.0,512,0,10.7
31990,3.0,8,2.1,0,14.0,56.0,5.0,256,0,6.0
79249,3.0,8,2.4,0,14.0,162.0,5.0,512,0,6.0
48952,3.0,8,1.8,1,14.0,97.0,5.0,256,0,10.0
76990,2.0,16,4.0,0,14.0,177.0,3.0,512,0,6.0
178990,3.0,32,3.4,1,14.0,208.0,5.0,1024,0,6.0
69999,3.0,16,2.4,0,14.0,162.0,5.0,512,0,8.0
58399,3.0,4,1.6,1,14.0,97.0,5.0,0,1024,10.0
23420,2.0,4,1.2,0,14.0,100.0,3.0,0,1024,9.5
58499,3.0,8,3.4,0,14.0,56.0,5.0,512,0,11.0
67990,2.0,16,2.1,0,14.0,83.0,3.0,512,0,9.0
61990,3.0,8,3.3,0,14.0,162.0,5.0,512,0,9.0
27490,3.0,8,1.2,0,14.0,31.0,5.0,256,0,11.0
45990,3.0,8,1.6,1,14.0,97.0,5.0,256,0,9.0
38350,3.0,8,2.1,1,14.0,56.0,5.0,256,0,11.5
50591,3.0,8,1.6,1,14.0,97.0,5.0,256,0,9.0
94990,3.0,16,1.8,1,14.0,146.0,6.0,512,0,10.0
73683,3.0,8,2.5,1,14.0,45.0,5.0,256,0,10.0
43990,3.0,8,2.4,0,14.0,162.0,5.0,512,0,11.0
30443,2.0,8,2.1,1,14.0,51.0,3.0,512,0,6.0
34990,3.0,8,1.2,0,14.0,56.0,5.0,256,0,13.0
41391,3.0,4,2.1,1,14.0,97.0,5.0,256,0,10.0
42917,3.0,8,1.6,1,14.0,56.0,5.0,512,0,8.0
27790,3.0,8,1.2,0,14.0,31.0,5.0,512,0,11.0
34990,3.0,8,1.6,1,14.0,97.0,5.0,256,0,10.0
58990,3.0,8,1.0,1,14.0,56.0,5.0,512,0,11.1
27490,3.0,4,2.8,1,14.0,56.0,5.0,256,0,14.0
27775,3.0,4,1.2,1,14.0,56.0,5.0,512,0,11.0
63990,2.0,16,4.2,1,14.0,170.0,6.0,512,0,8.0
93265,3.0,8,1.8,1,14.0,97.0,5.0,512,0,8.0
51990,3.0,16,4.7,0,14.0,162.0,5.0,512,0,12.0
54990,3.0,8,1.0,1,14.0,123.0,6.0,512,0,11.1
23990,2.0,4,2.6,1,14.0,9.0,3.0,0,1024,4.5
46303,3.0,8,1.6,1,14.0,97.0,5.0,0,1024,6.0
30990,3.0,16,3.0,0,14.0,162.0,5.0,512,0,11.0
39999,2.0,4,2.4,1,14.0,29.0,3.0,0,1024,10.0
46999,3.0,8,4.0,1,14.0,56.0,5.0,512,0,6.0
54994,3.0,8,2.4,1,14.0,162.0,5.0,512,0,11.0
101490,3.0,16,2.8,1,14.0,162.0,5.0,512,0,10.0
52990,3.0,8,1.6,1,14.0,97.0,5.0,256,0,23.5
63990,3.0,8,4.2,1,14.0,162.0,5.0,512,0,6.0
160905,3.0,16,1.8,1,14.0,45.0,5.0,512,0,9.0
64999,3.0,16,3.1,0,14.0,162.0,5.0,512,0,13.0
68990,3.0,16,4.7,0,14.0,162.0,5.0,512,0,12.0
33990,3.0,4,1.2,1,14.0,56.0,5.0,256,0,5.0
36999,3.0,4,2.0,1,14.0,39.0,5.0,128,0,12.0
29990,3.0,4,2.0,1,14.0,39.0,5.0,0,1024,12.5
42500,3.0,4,2.2,1,14.0,20.0,5.0,8,500,6.0
164990,2.0,16,2.8,1,14.0,222.0,6.0,1024,0,12.0
43500,3.0,4,1.6,1,14.0,97.0,5.0,256,0,10.0
38490,3.0,8,1.0,0,14.0,108.0,5.0,0,1024,6.0
51990,3.0,8,1.6,1,14.0,97.0,5.0,64,0,11.0
30990,3.0,4,1.2,1,14.0,56.0,5.0,0,1024,5.5
24990,2.0,4,3.0,1,14.0,9.0,3.0,0,1024,4.0
23500,3.0,4,2.3,1,14.0,45.0,5.0,0,1024,6.5
69900,3.0,16,1.7,1,14.0,162.0,5.0,512,0,18.0
57741,3.0,8,1.6,1,14.0,97.0,5.0,512,0,8.0
38999,3.0,4,2.1,1,14.0,56.0,5.0,0,1,9.0
69390,3.0,8,1.6,1,14.0,97.0,5.0,256,0,10.5
32490,3.0,8,2.0,0,14.0,56.0,5.0,512,0,8.0
109999,2.0,16,4.2,0,14.0,170.0,6.0,512,0,8.0
59390,3.0,8,2.4,0,14.0,162.0,5.0,256,1024,10.0
34990,3.0,8,1.2,1,14.0,56.0,5.0,0,1024,10.0
32999,2.0,4,2.1,1,14.0,40.0,3.0,0,1024,5.0
85590,2.0,16,1.8,0,14.0,83.0,3.0,512,0,12.0
56990,3.0,8,1.6,1,14.0,97.0,5.0,512,0,10.0
28000,3.0,4,2.1,1,14.0,56.0,5.0,0,1024,9.0
98990,3.0,16,1.7,0,14.0,162.0,5.0,1024,0,9.4
63994,3.0,16,2.4,1,14.0,162.0,5.0,512,0,14.0
23490,2.0,4,3.0,1,14.0,14.0,3.0,0,1024,4.0
51603,3.0,8,1.6,1,14.0,97.0,5.0,256,0,8.0
130990,2.0,16,4.8,0,14.0,231.0,3.0,1024,0,8.0
47490,3.0,8,1.6,1,14.0,97.0,5.0,512,0,9.0
82190,3.0,8,2.1,1,14.0,123.0,6.0,1024,0,8.0
38990,3.0,8,2.2,1,14.0,97.0,5.0,128,0,10.0
70990,3.0,16,1.7,1,14.0,162.0,5.0,512,0,18.0
47990,2.0,16,4.2,0,14.0,83.0,3.0,512,0,10.0
93990,3.0,8,1.8,1,14.0,146.0,6.0,512,0,9.0
84990,3.0,8,1.6,1,14.0,142.0,6.0,512,0,9.0
102000,2.0,8,2.0,0,13.5,83.0,3.0,256,0,19.0
144500,3.0,16,4.7,1,13.5,162.0,5.0,512,0,13.3
151990,3.0,16,4.7,1,13.5,162.0,5.0,1024,0,13.3
151999,3.0,16,1.5,0,13.5,108.0,5.0,512,0,2.25
95046,3.0,8,4.2,0,13.5,108.0,5.0,256,0,18.0
172990,3.0,16,4.7,0,13.5,162.0,5.0,512,0,18.0
169752,3.0,16,4.7,1,13.5,162.0,5.0,1024,0,13.3
153990,3.0,32,4.8,1,13.5,162.0,5.0,1024,0,13.3
222999,3.0,16,1.9,1,13.5,159.0,6.0,512,0,17.0
250000,3.0,16,1.9,1,13.5,159.0,6.0,1024,0,15.0
153662,2.0,16,4.8,0,13.4,170.0,6.0,1024,0,10.0
171990,3.0,16,2.3,0,13.4,170.0,6.0,512,0,8.0
181990,3.0,16,2.5,0,13.4,202.0,6.0,1024,0,8.0
191990,3.0,16,2.5,0,13.4,202.0,6.0,1024,0,8.0
116288,3.0,16,2.5,0,13.4,162.0,5.0,512,0,8.0
321990,3.0,16,2.5,0,13.4,202.0,6.0,1024,0,8.0
72990,3.0,16,4.2,1,13.3,162.0,5.0,512,0,21.0
90900,4.0,8,2.9,1,13.3,217.0,8.0,256,0,15.0
67990,3.0,8,1.8,1,13.3,155.0,5.0,128,0,12.0
162990,3.0,8,2.4,1,13.3,223.0,5.0,512,0,10.0
89990,3.0,16,4.7,0,13.3,162.0,5.0,512,0,10.0
83590,3.0,16,2.8,0,13.3,162.0,5.0,512,0,11.0
97990,3.0,16,4.7,1,13.3,162.0,5.0,512,0,22.0
74590,3.0,16,2.4,0,13.3,162.0,5.0,512,0,11.0
74190,2.0,16,2.0,0,13.3,83.0,3.0,512,0,12.0
89990,3.0,16,3.4,0,13.3,56.0,5.0,512,0,7.0
77990,2.0,16,1.8,0,13.3,100.0,3.0,512,0,13.0
86990,3.0,8,1.6,1,13.3,56.0,5.0,512,0,14.0
87990,3.0,16,4.7,1,13.3,162.0,5.0,512,0,8.0
94960,3.0,8,2.7,0,13.3,45.0,5.0,512,0,12.0
87270,3.0,16,4.2,0,13.3,208.0,5.0,512,0,7.0
99000,3.0,8,1.4,1,13.3,56.0,5.0,1024,0,10.4
119990,3.0,16,3.4,0,13.3,162.0,5.0,1024,0,10.0
89990,3.0,8,1.6,1,13.3,194.0,5.0,128,0,12.0
71000,3.0,8,1.6,1,13.3,194.0,5.0,128,0,12.0
94990,3.0,8,1.6,1,13.3,194.0,5.0,128,0,12.0
107990,3.0,8,1.6,1,13.3,194.0,5.0,256,0,12.0
99990,3.0,8,1.1,1,13.3,182.0,5.0,512,0,11.0
109990,3.0,8,1.1,1,13.3,182.0,5.0,512,0,11.0
69990,3.0,16,2.4,0,13.3,162.0,5.0,512,0,8.0
73990,3.0,16,2.4,1,13.3,162.0,5.0,512,0,8.0
73699,3.0,8,4.2,0,13.3,162.0,5.0,512,0,20.0
83590,3.0,16,4.2,0,13.3,162.0,5.0,512,0,11.0
89990,3.0,16,4.7,1,13.3,162.0,5.0,512,0,17.0
85090,3.0,16,4.8,1,13.3,162.0,5.0,512,0,21.0
99900,2.0,16,1.9,0,13.3,83.0,3.0,1024,0,16.3
102214,2.0,16,4.2,0,13.3,83.0,3.0,512,0,14.0
129990,3.0,16,4.8,1,13.3,162.0,5.0,1024,0,8.0
113571,2.0,16,4.8,0,13.3,170.0,6.0,512,0,10.0
154012,3.0,32,1.7,1,13.3,162.0,5.0,1024,0,8.0
123190,3.0,16,2.2,0,13.3,162.0,5.0,1024,0,10.0
225190,3.0,16,4.8,1,13.3,162.0,5.0,1024,0,10.0
93990,3.0,16,3.4,0,13.3,108.0,5.0,512,0,7.0
129500,3.0,16,2.8,0,13.3,108.0,5.0,1024,0,12.1
85999,2.0,8,2.3,0,13.3,83.0,3.0,512,0,12.0
238990,3.0,32,4.0,1,13.3,108.0,5.0,1024,0,7.0
89990,3.0,8,1.8,1,13.3,142.0,6.0,512,0,14.0
104990,3.0,8,1.6,1,13.3,194.0,5.0,256,0,12.0
111190,3.0,8,1.6,1,13.3,194.0,5.0,256,0,12.0
97040,3.0,8,1.4,1,13.3,190.0,5.0,128,0,10.0
112040,3.0,8,2.4,1,13.3,223.0,5.0,256,0,10.0
149990,3.0,8,2.3,1,13.3,227.0,5.0,512,0,10.0
65990,2.0,16,4.2,1,13.3,83.0,3.0,512,0,10.0
119600,3.0,8,1.3,1,13.3,182.0,5.0,512,0,19.0
119990,3.0,16,2.8,1,13.3,162.0,5.0,1024,0,13.0
79990,3.0,8,1.6,1,13.3,142.0,6.0,512,0,14.0
69990,3.0,8,1.6,1,13.3,97.0,5.0,256,0,14.0
69500,3.0,8,1.6,1,13.3,97.0,5.0,512,0,14.0
61990,3.0,4,1.0,1,13.3,20.0,5.0,512,0,5.0
99990,3.0,8,4.2,0,13.0,108.0,5.0,256,0,15.5
99990,3.0,8,4.2,0,13.0,108.0,5.0,256,0,15.5
88969,3.0,8,4.2,0,13.0,162.0,5.0,256,0,15.5
192990,3.0,16,4.7,0,13.0,162.0,5.0,512,0,15.5
102990,3.0,8,4.2,0,13.0,162.0,5.0,128,0,15.5
127990,3.0,16,2.2,0,13.0,162.0,5.0,256,0,16.0
261990,3.0,32,4.7,0,13.0,162.0,5.0,1024,0,15.5
79990,3.0,8,3.4,0,12.4,162.0,5.0,256,0,15.0
73999,3.0,8,2.4,0,12.4,162.0,5.0,128,0,13.5
80999,3.0,8,2.4,0,12.4,162.0,5.0,256,0,13.5
79999,3.0,4,2.6,1,12.3,45.0,5.0,128,0,13.5
147400,3.0,16,2.5,1,12.3,225.0,5.0,512,0,13.5
77399,3.0,4,2.2,1,12.3,20.0,5.0,128,0,9.0
42490,3.0,4,1.0,1,12.2,96.0,5.0,128,0,10.0
89990,3.0,8,1.1,1,12.0,96.0,5.0,256,0,10.0
50990,3.0,4,2.3,1,12.0,39.0,5.0,128,0,8.0
41990,3.0,4,2.3,1,12.0,39.0,5.0,256,0,8.0
22990,1.0,4,2.0,1,11.6,36.0,1.0,64,0,12.0
37874,3.0,4,1.6,1,11.6,22.0,5.0,16,0,11.0
28999,3.0,4,1.6,1,11.6,20.0,5.0,0,500,8.0
21990,1.0,4,2.0,1,11.6,108.0,1.0,64,0,15.45
33463,3.0,2,1.6,1,11.6,22.0,5.0,16,0,11.0
23819,3.0,4,1.1,0,11.6,56.0,5.0,256,0,8.0
71310,3.0,4,1.6,1,11.6,6.0,5.0,64,0,11.0
20990,3.0,4,1.6,1,11.6,24.0,5.0,8,500,4.5
16990,3.0,2,2.0,1,11.6,6.0,5.0,0,500,5.5
55990,3.0,8,3.4,0,10.5,108.0,5.0,128,0,4.0
12437,3.0,2,1.4,1,10.1,22.0,5.0,32,0,15.0
21994,3.0,4,1.1,1,10.1,7.0,5.0,128,0,13.0
26450,3.0,4,1.1,1,10.1,7.0,5.0,64,0,13.0
